{"cameraMode":{"drawMode":0,"name":"Shaded","section":"Shading Mode"},"sceneLighting":true,"audioPlay":false,"sceneViewState":{"showFog":true,"showMaterialUpdate":false,"showSkybox":true,"showFlares":true,"showImageEffects":true,"showParticleSystems":true},"in2DMode":false,"pivot":{"x":84.86829376220703,"y":20.43897819519043,"z":89.28703308105469},"rotation":{"x":0.21840794384479524,"y":0.17340925335884095,"z":-0.039471715688705447,"w":0.9595151543617249},"size":188.96986389160157,"orthographic":false}